"group","quantity","part","candidate_specification","listed_unit_usd","source_url","selection_condition"
"Power","1","Motor","Golden Motor HPM3000B, 48 V, air cooled","318","https://www.goldenmotor.com/eCar/frame-eCar.htm","Candidate; exact shaft drawing and mounting revision required"
"Power","1","Motor controller","Golden Motor VEC200, 48 V","260","https://www.goldenmotor.com/eCar/frame-eCar.htm","Confirm 58.4 V battery maximum, motor pairing and programmable battery-current limit"
"Power","1","Battery","Golden Motor FP4852R0 48 V 52 Ah LiFePO4","899.99","https://goldenmotor.bike/collections/bldc-batteries/products/48v-52ah-lifepo4-battery","OUT OF STOCK on directly inspected page; 150 A continuous supplier claim; confirm documentation"
"Power","1","Charger","Battery supplier matched charger","","","Included with battery; no second charger purchase"
"Power","1","Battery harness","Supplier harness set","","","Included with battery; extensions and controller harness may still be required"
"Power","1","Accelerator pedal","Golden Motor FSC-010 foot throttle","84.99","https://goldenmotor.bike/products/foot-throttle","Verify controller signal range, pinout, idle fault behavior and spring return"
"Power","1","Programming interface","Golden Motor PI400 / VEC","60","https://www.goldenmotor.com/eCar/frame-eCar.htm","Confirm current VEC200 software/interface compatibility"
"Electrical","1","Main traction fuse and covered holder","DC-rated fuse coordinated with cable and controller","","","Size and interrupt rating require battery fault-current data; voltage rating above full charge"
"Electrical","1","Main contactor","DC traction contactor with matched coil and suppression","","","Select using full-charge voltage, continuous and interruption ratings"
"Electrical","1","Precharge assembly","Resistor and switching / controller-approved precharge","","","Size from controller capacitance and supplier wiring instructions"
"Electrical","1","Service disconnect","Touch-protected DC disconnect","","","Must suit pack voltage/current; connector alone is not automatically a load-break switch"
"Electrical","1","Emergency stop","Latching emergency-stop switch","","","Wire into validated shutdown circuit, not directly through small switch contacts carrying motor current"
"Electrical","1","Key / enable switch","Controller-compatible enable switch","","","Low-current control circuit"
"Electrical","1","Brake cutout switch","Pedal-operated switch and bracket","","","Match controller brake input; mechanical braking remains independent"
"Electrical","1 lot","Power cable and terminations","Battery positive/negative; 3 motor phases; lugs, boots, heat shrink","","","Gauge/length from final current, routing, voltage drop and thermal calculation"
"Electrical","1 lot","Signal harness and protection","Sealed connectors, control wire, auxiliary fuse, loom, glands, clamps","","","Exact connector and pinout schedule required"
"Electrical","1","Energy / speed instrumentation","Compatible speed sensor/display and Wh measurement","","","Match full-charge voltage; supports speed-limit and runtime testing"
"Electrical","1","Charging interlock and port protection","Covered charge access; drive inhibit while charging","","","Coordinate with supplied battery charger/port"
"Chassis","1 cut list","Frame tubing","Weldable structural steel; grade, section and lengths from reviewed Fusion design","","https://www.metalsdepot.com/steel-products/steel-square-tube","Source family only; square section is not an approved frame design"
"Chassis","1 lot","Mounting plate and gusset stock","Motor, seat, battery, controller, brake and steering mounts","","","Thickness/quantity from reviewed drawings"
"Chassis","1","Floor pan and foot protection","Formed sheet with finished edges and pedal clearance","","","CAD-defined material, thickness and fastening"
"Chassis","1","Motor mount / tension adjustment","Custom slotted or adjustable mount","","","Check torque reaction, stiffness and chain alignment"
"Chassis","1","Battery tray and retention","Custom supported tray, restraints and impact protection","","","Accommodate battery, connectors, servicing and ventilation"
"Chassis","1","Controller mount","Custom plate / heat-spreading mounting surface","","","Follow controller cooling requirements"
"Chassis","1 set","Bumpers / side protection","CAD-defined front, rear and side structures","","","Review with frame and intended operating site"
"Drivetrain","1","Rear live axle","1-inch keyed ecosystem provisional; length/material TBD","","https://www.bmikarts.com/1-Live-Axle-Kit-40-Chain_p_44789.html","Reference kit only, NOT priced as purchase; diameter requires load review"
"Drivetrain","2","Axle bearings","UC205-16 candidate for provisional 1-inch axle","","https://www.bmikarts.com/1-Live-Axle-Kit-40-Chain_p_44789.html","Match axle and bearing mounts; load review pending"
"Drivetrain","2","Bearing mount sets","Flangettes and weld-on hangers","","https://www.bmikarts.com/1-Live-Axle-Kit-40-Chain_p_44789.html","Kit references 400165 / 400170; procure with bearings as matched set"
"Drivetrain","1 lot","Axle retention hardware","Keys, collars, nuts and spacers","","","Quantity and fits from axle stack drawing; positive wheel retention"
"Drivetrain","1","Motor sprocket","Correct motor-shaft bore/key and selected chain family","","","Tooth count and shaft interface unresolved; do not assume standard gas-engine bore"
"Drivetrain","1","Rear sprocket and carrier","Matched chain pitch and axle bore","","","Final ratio depends on loaded motor RPM and tire rolling circumference"
"Drivetrain","1 length","Drive chain and connecting link","Same series as BOTH sprockets","","","Length from CAD; check rating, tension range and guard clearances"
"Drivetrain","1","Chain / sprocket guard","Custom securely mounted guard","","","Enclose reachable moving chain and sprockets"
"Running gear","2","Front hub assemblies","Sealed-bearing kart hubs matched to chosen spindle","","","Provisional 5/8-inch bearing bore; rated load and wheel interface must be checked"
"Running gear","2","Rear hub assemblies","Keyed/clamping hubs matching rear axle","","","Provisional 1-inch bore; match wheel bolt circle and positive retention"
"Running gear","4","Wheels","Kart wheels matched to hubs and tires","","","Exact front/rear widths, bolt circles and offsets unresolved"
"Running gear","4","Tires","New paved-use kart tires with suitable documented load/speed capability","","","Select dry/wet use and diameters before gearing; rejected deformed clearance tires"
"Running gear","4 sets","Valve / tube and wheel hardware","Valves or tubes as required; wheel bolts/nuts and spacers","","","Do not add tubes where selected wheel/tire assembly does not require them"
"Steering","1","Spindle kit","BMI 421400 family; two spindles and brackets","38.95","https://www.bmikarts.com/Complete-Spindle-Set--58-Shaft_p_1319.html","Base price; 5/8-inch shafts; includes bushings, kingpins and nuts; suitability not load-certified"
"Steering","1","Steering shaft and hub","Azusa KAZ1867 family with pitman arms","33.95","https://www.bmikarts.com/Steering-Shaft-and-Hub-Assembly-with-Welded-Pitman-Arms_p_4092.html","Base price; length from driver fit; verify rod-end mounting holes"
"Steering","1","Steering wheel","Azusa-compatible wheel","","","Match hub bolt circle and driver clearance"
"Steering","2","Steering shaft supports","Bearings/bushings and frame brackets","","","Match selected shaft; include retention collars/rings as needed"
"Steering","2","Tie-rod assemblies","Properly rated rods, four ends and jam nuts","","","Length and end size from geometry; inexpensive economy kits not selected as quality solution"
"Steering","1 set","Steering stops and fasteners","Positive stops, retained pivot bolts and spacers","","","Avoid over-center linkage; check full-lock clearance in CAD"
"Brakes","1","Hydraulic brake kit","MCP 600505 / 600510 family, provisional 1-inch hub","325.95","https://www.bmikarts.com/MCP-Hydraulic-Brake-Kit_p_581.html","Base price; caliper, master cylinder, rotor, hub, line and DOT5 fluid included; variant and braking analysis pending"
"Brakes","1","Brake pedal assembly","Pedal, pivot, bushings, return spring and travel stop","","","Pedal leverage must match master-cylinder travel and required pressure"
"Brakes","1","Brake pushrod and clevis","Mechanically retained adjustable linkage","","","Check pushrod alignment, full travel and return"
"Brakes","1 set","Brake mounts and line clips","Caliper bracket and master mount","","","Not assumed included in base MCP price; verify fittings and line routing"
"Driver","1","Seat","Azusa/BMI K400510 bucket seat candidate","79.95","https://www.bmikarts.com/Go-Kart-Bucket-Seat_p_1228.html","Fit must be confirmed before frame dimensions"
"Driver","1 set","Seat mounts and padding","Mounting stays, spreading washers, fasteners, padding","","","Match seat instructions and frame; no unreviewed restraint arrangement"
"Finish","1 lot","Assembly hardware","Specified-grade bolts, locking nuts, washers, rivets and thread retention","","","Generate exact counts and grades from CAD"
"Finish","1 lot","Fabrication consumables","Welding consumables, cutting/grinding supplies, corrosion protection","","","Inventory owned tools and supplies first"
"Conditional","as needed","Additional braking / parking provision","Front brakes or parking system if review/site requires","","","Not silently included in rear-only braking assumption"
"Conditional","as needed","Auxiliary electrical equipment","DC-DC converter, lights and horn if operating-site design requires","","","No public-road eligibility claim"
"Project costs","as needed","Rider protective equipment and testing tools","Fit-appropriate helmet/eye protection and required inspection/test equipment","","","Separate from kart hardware; inspect existing equipment; eligibility under Forge not established"
"Project costs","1 total","Shipping, tax, fabrication services","Destination-specific supplier quotes","","","Not included in listed-price subtotal"
